,0,1,2,3,4,5,6,7,8,9,10,11,12,13,14,15,16
0,relationship, Other-relative,marital-status, Widowed,<=50K,,,,,,,,,,,,
1,relationship, Other-relative,marital-status, Separated,<=50K,,,,,,,,,,,,
2,relationship, Other-relative,marital-status, Married-spouse-absent,<=50K,,,,,,,,,,,,
3,relationship, Other-relative,marital-status, Divorced,<=50K,,,,,,,,,,,,
4,relationship, Other-relative,marital-status, Married-civ-spouse,occupation, Handlers-cleaners,<=50K,,,,,,,,,,
5,relationship, Other-relative,marital-status, Married-civ-spouse,occupation, Transport-moving,<=50K,,,,,,,,,,
6,relationship, Other-relative,marital-status, Married-civ-spouse,occupation, Machine-op-inspct,<=50K,,,,,,,,,,
7,relationship, Other-relative,marital-status, Married-civ-spouse,occupation, Exec-managerial,>50K,,,,,,,,,,
8,relationship, Other-relative,marital-status, Married-civ-spouse,occupation, Craft-repair,<=50K,,,,,,,,,,
9,relationship, Other-relative,marital-status, Married-civ-spouse,occupation, Adm-clerical,>50K,,,,,,,,,,
10,relationship, Other-relative,marital-status, Married-civ-spouse,occupation, Protective-serv,<=50K,,,,,,,,,,
11,relationship, Other-relative,marital-status, Married-civ-spouse,occupation, Sales,<=50K,,,,,,,,,,
12,relationship, Other-relative,marital-status, Never-married,<=50K,,,,,,,,,,,,
13,relationship, Not-in-family,occupation, Tech-support,education, HS-grad,<=50K,,,,,,,,,,
14,relationship, Not-in-family,occupation, Tech-support,education, Masters,>50K,,,,,,,,,,
15,relationship, Not-in-family,occupation, Tech-support,education, 11th,<=50K,,,,,,,,,,
16,relationship, Not-in-family,occupation, Tech-support,education, Prof-school,>50K,,,,,,,,,,
17,relationship, Not-in-family,occupation, Tech-support,education, Bachelors,sex, Female,workclass, Private,workclass, Private,workclass, Private,workclass, Private,>50K
18,relationship, Not-in-family,occupation, Tech-support,education, Bachelors,sex, Male,<=50K,,,,,,,,
19,relationship, Not-in-family,occupation, Tech-support,education, Assoc-voc,<=50K,,,,,,,,,,
20,relationship, Not-in-family,occupation, Tech-support,education, Assoc-acdm,<=50K,,,,,,,,,,
21,relationship, Not-in-family,occupation, Tech-support,education, Some-college,<=50K,,,,,,,,,,
22,relationship, Not-in-family,occupation, Handlers-cleaners,<=50K,,,,,,,,,,,,
23,relationship, Not-in-family,occupation, Craft-repair,marital-status, Separated,<=50K,,,,,,,,,,
24,relationship, Not-in-family,occupation, Craft-repair,marital-status, Married-civ-spouse,>50K,,,,,,,,,,
25,relationship, Not-in-family,occupation, Craft-repair,marital-status, Married-spouse-absent,<=50K,,,,,,,,,,
26,relationship, Not-in-family,occupation, Craft-repair,marital-status, Divorced,education, Assoc-acdm,<=50K,,,,,,,,
27,relationship, Not-in-family,occupation, Craft-repair,marital-status, Divorced,education, 9th,<=50K,,,,,,,,
28,relationship, Not-in-family,occupation, Craft-repair,marital-status, Divorced,education, Some-college,<=50K,,,,,,,,
29,relationship, Not-in-family,occupation, Craft-repair,marital-status, Divorced,education, 10th,<=50K,,,,,,,,
30,relationship, Not-in-family,occupation, Craft-repair,marital-status, Divorced,education, 7th-8th,<=50K,,,,,,,,
31,relationship, Not-in-family,occupation, Craft-repair,marital-status, Divorced,education, HS-grad,sex, Female,<=50K,,,,,,
32,relationship, Not-in-family,occupation, Craft-repair,marital-status, Divorced,education, HS-grad,sex, Male,workclass, Private,workclass, Private,workclass, Private,<=50K
33,relationship, Not-in-family,occupation, Craft-repair,marital-status, Never-married,sex, Female,education, Some-college,workclass, Private,>50K,,,,
34,relationship, Not-in-family,occupation, Craft-repair,marital-status, Never-married,sex, Female,education, Some-college,workclass, State-gov,<=50K,,,,
35,relationship, Not-in-family,occupation, Craft-repair,marital-status, Never-married,sex, Female,education, HS-grad,<=50K,,,,,,
36,relationship, Not-in-family,occupation, Craft-repair,marital-status, Never-married,sex, Male,<=50K,,,,,,,,
37,relationship, Not-in-family,occupation, Farming-fishing,workclass, Self-emp-inc,<=50K,,,,,,,,,,
38,relationship, Not-in-family,occupation, Farming-fishing,workclass, Local-gov,<=50K,,,,,,,,,,
39,relationship, Not-in-family,occupation, Farming-fishing,workclass, Self-emp-not-inc,marital-status, Separated,<=50K,,,,,,,,
40,relationship, Not-in-family,occupation, Farming-fishing,workclass, Self-emp-not-inc,marital-status, Never-married,workclass, Self-emp-not-inc,workclass, Self-emp-not-inc,workclass, Self-emp-not-inc,workclass, Self-emp-not-inc,>50K
41,relationship, Not-in-family,occupation, Farming-fishing,workclass, Self-emp-not-inc,marital-status, Divorced,<=50K,,,,,,,,
42,relationship, Not-in-family,occupation, Farming-fishing,workclass, Private,<=50K,,,,,,,,,,
43,relationship, Not-in-family,occupation, Protective-serv,education, Masters,>50K,,,,,,,,,,
44,relationship, Not-in-family,occupation, Protective-serv,education, HS-grad,<=50K,,,,,,,,,,
45,relationship, Not-in-family,occupation, Protective-serv,education, Some-college,workclass, State-gov,<=50K,,,,,,,,
46,relationship, Not-in-family,occupation, Protective-serv,education, Some-college,workclass, Local-gov,>50K,,,,,,,,
47,relationship, Not-in-family,occupation, Protective-serv,education, Bachelors,<=50K,,,,,,,,,,
48,relationship, Not-in-family,occupation, Other-service,workclass, Self-emp-inc,race, White,<=50K,,,,,,,,
49,relationship, Not-in-family,occupation, Other-service,workclass, Self-emp-inc,race, Black,>50K,,,,,,,,
50,relationship, Not-in-family,occupation, Other-service,workclass, Federal-gov,<=50K,,,,,,,,,,
51,relationship, Not-in-family,occupation, Other-service,workclass, Local-gov,<=50K,,,,,,,,,,
52,relationship, Not-in-family,occupation, Other-service,workclass, Self-emp-not-inc,<=50K,,,,,,,,,,
53,relationship, Not-in-family,occupation, Other-service,workclass, Private,marital-status, Widowed,<=50K,,,,,,,,
54,relationship, Not-in-family,occupation, Other-service,workclass, Private,marital-status, Married-spouse-absent,<=50K,,,,,,,,
55,relationship, Not-in-family,occupation, Other-service,workclass, Private,marital-status, Separated,sex, Male,race, Black,<=50K,,,,
56,relationship, Not-in-family,occupation, Other-service,workclass, Private,marital-status, Separated,sex, Male,race, White,>50K,,,,
57,relationship, Not-in-family,occupation, Other-service,workclass, Private,marital-status, Separated,sex, Female,<=50K,,,,,,
58,relationship, Not-in-family,occupation, Other-service,workclass, Private,marital-status, Divorced,<=50K,,,,,,,,
59,relationship, Not-in-family,occupation, Other-service,workclass, Private,marital-status, Never-married,<=50K,,,,,,,,
60,relationship, Not-in-family,occupation, Exec-managerial,education, Assoc-voc,<=50K,,,,,,,,,,
61,relationship, Not-in-family,occupation, Exec-managerial,education, 12th,<=50K,,,,,,,,,,
62,relationship, Not-in-family,occupation, Exec-managerial,education, Assoc-acdm,workclass, Local-gov,<=50K,,,,,,,,
63,relationship, Not-in-family,occupation, Exec-managerial,education, Assoc-acdm,workclass, Private,sex, Female,<=50K,,,,,,
64,relationship, Not-in-family,occupation, Exec-managerial,education, Assoc-acdm,workclass, Private,sex, Male,>50K,,,,,,
65,relationship, Not-in-family,occupation, Exec-managerial,education, Assoc-acdm,workclass, Federal-gov,<=50K,,,,,,,,
66,relationship, Not-in-family,occupation, Exec-managerial,education, Masters,workclass, Federal-gov,>50K,,,,,,,,
67,relationship, Not-in-family,occupation, Exec-managerial,education, Masters,workclass, Self-emp-inc,>50K,,,,,,,,
68,relationship, Not-in-family,occupation, Exec-managerial,education, Masters,workclass, Private,marital-status, Divorced,sex, Male,<=50K,,,,
69,relationship, Not-in-family,occupation, Exec-managerial,education, Masters,workclass, Private,marital-status, Divorced,sex, Female,>50K,,,,
70,relationship, Not-in-family,occupation, Exec-managerial,education, Masters,workclass, Private,marital-status, Married-spouse-absent,>50K,,,,,,
71,relationship, Not-in-family,occupation, Exec-managerial,education, Masters,workclass, Private,marital-status, Never-married,race, White,<=50K,,,,
72,relationship, Not-in-family,occupation, Exec-managerial,education, Masters,workclass, Private,marital-status, Never-married,race, Black,>50K,,,,
73,relationship, Not-in-family,occupation, Exec-managerial,education, Bachelors,marital-status, Married-spouse-absent,<=50K,,,,,,,,
74,relationship, Not-in-family,occupation, Exec-managerial,education, Bachelors,marital-status, Never-married,workclass, Self-emp-not-inc,>50K,,,,,,
75,relationship, Not-in-family,occupation, Exec-managerial,education, Bachelors,marital-status, Never-married,workclass, State-gov,<=50K,,,,,,
76,relationship, Not-in-family,occupation, Exec-managerial,education, Bachelors,marital-status, Never-married,workclass, Private,race, Black,>50K,,,,
77,relationship, Not-in-family,occupation, Exec-managerial,education, Bachelors,marital-status, Never-married,workclass, Private,race, White,sex, Male,workclass, Private,<=50K
78,relationship, Not-in-family,occupation, Exec-managerial,education, Bachelors,marital-status, Never-married,workclass, Private,race, White,sex, Female,workclass, Private,<=50K
79,relationship, Not-in-family,occupation, Exec-managerial,education, Bachelors,marital-status, Never-married,workclass, Private,race, Asian-Pac-Islander,<=50K,,,,
80,relationship, Not-in-family,occupation, Exec-managerial,education, Bachelors,marital-status, Never-married,workclass, Federal-gov,<=50K,,,,,,
81,relationship, Not-in-family,occupation, Exec-managerial,education, Bachelors,marital-status, Divorced,>50K,,,,,,,,
82,relationship, Not-in-family,occupation, Exec-managerial,education, HS-grad,<=50K,,,,,,,,,,
83,relationship, Not-in-family,occupation, Exec-managerial,education, Some-college,native-country, Italy,<=50K,,,,,,,,
84,relationship, Not-in-family,occupation, Exec-managerial,education, Some-college,native-country, Mexico,<=50K,,,,,,,,
85,relationship, Not-in-family,occupation, Exec-managerial,education, Some-college,native-country, United-States,marital-status, Widowed,workclass, Private,workclass, Private,workclass, Private,<=50K
86,relationship, Not-in-family,occupation, Exec-managerial,education, Some-college,native-country, United-States,marital-status, Separated,<=50K,,,,,,
87,relationship, Not-in-family,occupation, Exec-managerial,education, Some-college,native-country, United-States,marital-status, Never-married,sex, Female,<=50K,,,,
88,relationship, Not-in-family,occupation, Exec-managerial,education, Some-college,native-country, United-States,marital-status, Never-married,sex, Male,workclass, Private,>50K,,
89,relationship, Not-in-family,occupation, Exec-managerial,education, Some-college,native-country, United-States,marital-status, Never-married,sex, Male,workclass, Self-emp-inc,workclass, Self-emp-inc,>50K
90,relationship, Not-in-family,occupation, Exec-managerial,education, Some-college,native-country, United-States,marital-status, Divorced,sex, Male,<=50K,,,,
91,relationship, Not-in-family,occupation, Exec-managerial,education, Some-college,native-country, United-States,marital-status, Divorced,sex, Female,workclass, Private,workclass, Private,>50K
92,relationship, Not-in-family,occupation, Exec-managerial,education, Some-college,native-country, England,<=50K,,,,,,,,
93,relationship, Not-in-family,occupation, Prof-specialty,education, 10th,workclass, Private,>50K,,,,,,,,
94,relationship, Not-in-family,occupation, Prof-specialty,education, 10th,workclass, Self-emp-not-inc,<=50K,,,,,,,,
95,relationship, Not-in-family,occupation, Prof-specialty,education, Assoc-voc,marital-status, Widowed,<=50K,,,,,,,,
96,relationship, Not-in-family,occupation, Prof-specialty,education, Assoc-voc,marital-status, Divorced,>50K,,,,,,,,
97,relationship, Not-in-family,occupation, Prof-specialty,education, Assoc-voc,marital-status, Never-married,<=50K,,,,,,,,
98,relationship, Not-in-family,occupation, Prof-specialty,education, HS-grad,sex, Female,<=50K,,,,,,,,
99,relationship, Not-in-family,occupation, Prof-specialty,education, HS-grad,sex, Male,workclass, Self-emp-not-inc,<=50K,,,,,,
100,relationship, Not-in-family,occupation, Prof-specialty,education, HS-grad,sex, Male,workclass, Private,marital-status, Married-spouse-absent,<=50K,,,,
101,relationship, Not-in-family,occupation, Prof-specialty,education, HS-grad,sex, Male,workclass, Private,marital-status, Never-married,workclass, Private,workclass, Private,>50K
102,relationship, Not-in-family,occupation, Prof-specialty,education, HS-grad,sex, Male,workclass, Federal-gov,<=50K,,,,,,
103,relationship, Not-in-family,occupation, Prof-specialty,education, Some-college,sex, Male,>50K,,,,,,,,
104,relationship, Not-in-family,occupation, Prof-specialty,education, Some-college,sex, Female,<=50K,,,,,,,,
105,relationship, Not-in-family,occupation, Prof-specialty,education, Prof-school,workclass, Local-gov,<=50K,,,,,,,,
106,relationship, Not-in-family,occupation, Prof-specialty,education, Prof-school,workclass, Self-emp-inc,>50K,,,,,,,,
107,relationship, Not-in-family,occupation, Prof-specialty,education, Prof-school,workclass, Private,<=50K,,,,,,,,
108,relationship, Not-in-family,occupation, Prof-specialty,education, Bachelors,race, Amer-Indian-Eskimo,<=50K,,,,,,,,
109,relationship, Not-in-family,occupation, Prof-specialty,education, Bachelors,race, Other,<=50K,,,,,,,,
110,relationship, Not-in-family,occupation, Prof-specialty,education, Bachelors,race, Black,>50K,,,,,,,,
111,relationship, Not-in-family,occupation, Prof-specialty,education, Bachelors,race, Asian-Pac-Islander,<=50K,,,,,,,,
112,relationship, Not-in-family,occupation, Prof-specialty,education, Bachelors,race, White,sex, Male,workclass, Federal-gov,<=50K,,,,
113,relationship, Not-in-family,occupation, Prof-specialty,education, Bachelors,race, White,sex, Male,workclass, Local-gov,<=50K,,,,
114,relationship, Not-in-family,occupation, Prof-specialty,education, Bachelors,race, White,sex, Male,workclass, Private,marital-status, Married-spouse-absent,<=50K,,
115,relationship, Not-in-family,occupation, Prof-specialty,education, Bachelors,race, White,sex, Male,workclass, Private,marital-status, Never-married,workclass, Private,<=50K
116,relationship, Not-in-family,occupation, Prof-specialty,education, Bachelors,race, White,sex, Male,workclass, State-gov,<=50K,,,,
117,relationship, Not-in-family,occupation, Prof-specialty,education, Bachelors,race, White,sex, Female,<=50K,,,,,,
118,relationship, Not-in-family,occupation, Prof-specialty,education, Assoc-acdm,<=50K,,,,,,,,,,
119,relationship, Not-in-family,occupation, Prof-specialty,education, Doctorate,workclass, Self-emp-inc,<=50K,,,,,,,,
120,relationship, Not-in-family,occupation, Prof-specialty,education, Doctorate,workclass, Private,race, White,>50K,,,,,,
121,relationship, Not-in-family,occupation, Prof-specialty,education, Doctorate,workclass, Private,race, Asian-Pac-Islander,<=50K,,,,,,
122,relationship, Not-in-family,occupation, Prof-specialty,education, Doctorate,workclass, Federal-gov,>50K,,,,,,,,
123,relationship, Not-in-family,occupation, Prof-specialty,education, Doctorate,workclass, State-gov,<=50K,,,,,,,,
124,relationship, Not-in-family,occupation, Prof-specialty,education, Masters,marital-status, Separated,>50K,,,,,,,,
125,relationship, Not-in-family,occupation, Prof-specialty,education, Masters,marital-status, Married-spouse-absent,<=50K,,,,,,,,
126,relationship, Not-in-family,occupation, Prof-specialty,education, Masters,marital-status, Divorced,workclass, Self-emp-not-inc,<=50K,,,,,,
127,relationship, Not-in-family,occupation, Prof-specialty,education, Masters,marital-status, Divorced,workclass, State-gov,sex, Male,>50K,,,,
128,relationship, Not-in-family,occupation, Prof-specialty,education, Masters,marital-status, Divorced,workclass, State-gov,sex, Female,<=50K,,,,
129,relationship, Not-in-family,occupation, Prof-specialty,education, Masters,marital-status, Divorced,workclass, Private,<=50K,,,,,,
130,relationship, Not-in-family,occupation, Prof-specialty,education, Masters,marital-status, Divorced,workclass, Local-gov,>50K,,,,,,
131,relationship, Not-in-family,occupation, Prof-specialty,education, Masters,marital-status, Never-married,workclass, Self-emp-not-inc,<=50K,,,,,,
132,relationship, Not-in-family,occupation, Prof-specialty,education, Masters,marital-status, Never-married,workclass, Local-gov,<=50K,,,,,,
133,relationship, Not-in-family,occupation, Prof-specialty,education, Masters,marital-status, Never-married,workclass, Private,sex, Male,workclass, Private,workclass, Private,<=50K
134,relationship, Not-in-family,occupation, Prof-specialty,education, Masters,marital-status, Never-married,workclass, Private,sex, Female,workclass, Private,workclass, Private,>50K
135,relationship, Not-in-family,occupation, Prof-specialty,education, Masters,marital-status, Widowed,<=50K,,,,,,,,
136,relationship, Not-in-family,occupation, Adm-clerical,marital-status, Married-spouse-absent,<=50K,,,,,,,,,,
137,relationship, Not-in-family,occupation, Adm-clerical,marital-status, Divorced,education, Assoc-voc,<=50K,,,,,,,,
138,relationship, Not-in-family,occupation, Adm-clerical,marital-status, Divorced,education, Assoc-acdm,<=50K,,,,,,,,
139,relationship, Not-in-family,occupation, Adm-clerical,marital-status, Divorced,education, Masters,<=50K,,,,,,,,
140,relationship, Not-in-family,occupation, Adm-clerical,marital-status, Divorced,education, Some-college,<=50K,,,,,,,,
141,relationship, Not-in-family,occupation, Adm-clerical,marital-status, Divorced,education, HS-grad,workclass, State-gov,<=50K,,,,,,
142,relationship, Not-in-family,occupation, Adm-clerical,marital-status, Divorced,education, HS-grad,workclass, Local-gov,workclass, Local-gov,workclass, Local-gov,workclass, Local-gov,<=50K
143,relationship, Not-in-family,occupation, Adm-clerical,marital-status, Divorced,education, HS-grad,workclass, Private,<=50K,,,,,,
144,relationship, Not-in-family,occupation, Adm-clerical,marital-status, Divorced,education, HS-grad,workclass, Federal-gov,<=50K,,,,,,
145,relationship, Not-in-family,occupation, Adm-clerical,marital-status, Divorced,education, Bachelors,sex, Male,>50K,,,,,,
146,relationship, Not-in-family,occupation, Adm-clerical,marital-status, Divorced,education, Bachelors,sex, Female,<=50K,,,,,,
147,relationship, Not-in-family,occupation, Adm-clerical,marital-status, Widowed,education, Bachelors,<=50K,,,,,,,,
148,relationship, Not-in-family,occupation, Adm-clerical,marital-status, Widowed,education, Some-college,<=50K,,,,,,,,
149,relationship, Not-in-family,occupation, Adm-clerical,marital-status, Widowed,education, Assoc-voc,<=50K,,,,,,,,
150,relationship, Not-in-family,occupation, Adm-clerical,marital-status, Widowed,education, HS-grad,workclass, Private,workclass, Private,workclass, Private,workclass, Private,<=50K
151,relationship, Not-in-family,occupation, Adm-clerical,marital-status, Widowed,education, Assoc-acdm,<=50K,,,,,,,,
152,relationship, Not-in-family,occupation, Adm-clerical,marital-status, Separated,<=50K,,,,,,,,,,
153,relationship, Not-in-family,occupation, Adm-clerical,marital-status, Never-married,<=50K,,,,,,,,,,
154,relationship, Not-in-family,occupation, Machine-op-inspct,<=50K,,,,,,,,,,,,
155,relationship, Not-in-family,occupation, Transport-moving,education, 5th-6th,<=50K,,,,,,,,,,
156,relationship, Not-in-family,occupation, Transport-moving,education, 7th-8th,race, Amer-Indian-Eskimo,<=50K,,,,,,,,
157,relationship, Not-in-family,occupation, Transport-moving,education, 7th-8th,race, White,>50K,,,,,,,,
158,relationship, Not-in-family,occupation, Transport-moving,education, 10th,<=50K,,,,,,,,,,
159,relationship, Not-in-family,occupation, Transport-moving,education, Assoc-voc,<=50K,,,,,,,,,,
160,relationship, Not-in-family,occupation, Transport-moving,education, 11th,<=50K,,,,,,,,,,
161,relationship, Not-in-family,occupation, Transport-moving,education, Some-college,<=50K,,,,,,,,,,
162,relationship, Not-in-family,occupation, Transport-moving,education, HS-grad,workclass, Self-emp-not-inc,<=50K,,,,,,,,
163,relationship, Not-in-family,occupation, Transport-moving,education, HS-grad,workclass, Private,marital-status, Divorced,workclass, Private,workclass, Private,workclass, Private,<=50K
164,relationship, Not-in-family,occupation, Transport-moving,education, HS-grad,workclass, Private,marital-status, Never-married,workclass, Private,workclass, Private,workclass, Private,<=50K
165,relationship, Not-in-family,occupation, Sales,education, Masters,<=50K,,,,,,,,,,
166,relationship, Not-in-family,occupation, Sales,education, 9th,<=50K,,,,,,,,,,
167,relationship, Not-in-family,occupation, Sales,education, 10th,<=50K,,,,,,,,,,
168,relationship, Not-in-family,occupation, Sales,education, Assoc-acdm,<=50K,,,,,,,,,,
169,relationship, Not-in-family,occupation, Sales,education, 12th,<=50K,,,,,,,,,,
170,relationship, Not-in-family,occupation, Sales,education, Some-college,<=50K,,,,,,,,,,
171,relationship, Not-in-family,occupation, Sales,education, 11th,<=50K,,,,,,,,,,
172,relationship, Not-in-family,occupation, Sales,education, 7th-8th,<=50K,,,,,,,,,,
173,relationship, Not-in-family,occupation, Sales,education, Bachelors,marital-status, Separated,<=50K,,,,,,,,
174,relationship, Not-in-family,occupation, Sales,education, Bachelors,marital-status, Never-married,race, Asian-Pac-Islander,<=50K,,,,,,
175,relationship, Not-in-family,occupation, Sales,education, Bachelors,marital-status, Never-married,race, Black,<=50K,,,,,,
176,relationship, Not-in-family,occupation, Sales,education, Bachelors,marital-status, Never-married,race, White,sex, Female,workclass, Private,workclass, Private,>50K
177,relationship, Not-in-family,occupation, Sales,education, Bachelors,marital-status, Never-married,race, White,sex, Male,workclass, Private,workclass, Private,<=50K
178,relationship, Not-in-family,occupation, Sales,education, Bachelors,marital-status, Divorced,<=50K,,,,,,,,
179,relationship, Not-in-family,occupation, Sales,education, HS-grad,<=50K,,,,,,,,,,
180,relationship, Not-in-family,occupation, Priv-house-serv,<=50K,,,,,,,,,,,,
181,relationship, Wife,occupation, Handlers-cleaners,<=50K,,,,,,,,,,,,
182,relationship, Wife,occupation, Tech-support,>50K,,,,,,,,,,,,
183,relationship, Wife,occupation, Craft-repair,race, Black,<=50K,,,,,,,,,,
184,relationship, Wife,occupation, Craft-repair,race, White,>50K,,,,,,,,,,
185,relationship, Wife,occupation, Farming-fishing,<=50K,,,,,,,,,,,,
186,relationship, Wife,occupation, Protective-serv,<=50K,,,,,,,,,,,,
187,relationship, Wife,occupation, Sales,workclass, Self-emp-inc,>50K,,,,,,,,,,
188,relationship, Wife,occupation, Sales,workclass, Self-emp-not-inc,<=50K,,,,,,,,,,
189,relationship, Wife,occupation, Sales,workclass, Private,education, Bachelors,>50K,,,,,,,,
190,relationship, Wife,occupation, Sales,workclass, Private,education, Some-college,<=50K,,,,,,,,
191,relationship, Wife,occupation, Sales,workclass, Private,education, HS-grad,<=50K,,,,,,,,
192,relationship, Wife,occupation, Transport-moving,workclass, Self-emp-not-inc,>50K,,,,,,,,,,
193,relationship, Wife,occupation, Transport-moving,workclass, Local-gov,<=50K,,,,,,,,,,
194,relationship, Wife,occupation, Transport-moving,workclass, Self-emp-inc,>50K,,,,,,,,,,
195,relationship, Wife,occupation, Prof-specialty,native-country, South,<=50K,,,,,,,,,,
196,relationship, Wife,occupation, Prof-specialty,native-country, United-States,workclass, Private,education, Masters,workclass, Private,workclass, Private,workclass, Private,>50K
197,relationship, Wife,occupation, Prof-specialty,native-country, United-States,workclass, Private,education, Assoc-acdm,>50K,,,,,,
198,relationship, Wife,occupation, Prof-specialty,native-country, United-States,workclass, Private,education, Prof-school,>50K,,,,,,
199,relationship, Wife,occupation, Prof-specialty,native-country, United-States,workclass, Private,education, Bachelors,race, Black,>50K,,,,
200,relationship, Wife,occupation, Prof-specialty,native-country, United-States,workclass, Private,education, Bachelors,race, White,workclass, Private,workclass, Private,>50K
201,relationship, Wife,occupation, Prof-specialty,native-country, United-States,workclass, State-gov,>50K,,,,,,,,
202,relationship, Wife,occupation, Prof-specialty,native-country, United-States,workclass, Local-gov,education, Masters,>50K,,,,,,
203,relationship, Wife,occupation, Prof-specialty,native-country, United-States,workclass, Local-gov,education, Bachelors,workclass, Local-gov,workclass, Local-gov,workclass, Local-gov,>50K
204,relationship, Wife,occupation, Prof-specialty,native-country, United-States,workclass, Self-emp-not-inc,>50K,,,,,,,,
205,relationship, Wife,occupation, Adm-clerical,education, Assoc-voc,race, Asian-Pac-Islander,<=50K,,,,,,,,
206,relationship, Wife,occupation, Adm-clerical,education, Assoc-voc,race, White,>50K,,,,,,,,
207,relationship, Wife,occupation, Adm-clerical,education, Some-college,workclass, Local-gov,<=50K,,,,,,,,
208,relationship, Wife,occupation, Adm-clerical,education, Some-college,workclass, Self-emp-not-inc,>50K,,,,,,,,
209,relationship, Wife,occupation, Adm-clerical,education, Some-college,workclass, Private,race, Black,>50K,,,,,,
210,relationship, Wife,occupation, Adm-clerical,education, Some-college,workclass, Private,race, White,native-country, Canada,>50K,,,,
211,relationship, Wife,occupation, Adm-clerical,education, Some-college,workclass, Private,race, White,native-country, United-States,workclass, Private,workclass, Private,>50K
212,relationship, Wife,occupation, Adm-clerical,education, Some-college,workclass, Private,race, Amer-Indian-Eskimo,<=50K,,,,,,
213,relationship, Wife,occupation, Adm-clerical,education, Bachelors,<=50K,,,,,,,,,,
214,relationship, Wife,occupation, Adm-clerical,education, Assoc-acdm,>50K,,,,,,,,,,
215,relationship, Wife,occupation, Adm-clerical,education, HS-grad,workclass, Federal-gov,>50K,,,,,,,,
216,relationship, Wife,occupation, Adm-clerical,education, HS-grad,workclass, Private,race, Black,<=50K,,,,,,
217,relationship, Wife,occupation, Adm-clerical,education, HS-grad,workclass, Private,race, White,native-country, Germany,>50K,,,,
218,relationship, Wife,occupation, Adm-clerical,education, HS-grad,workclass, Private,race, White,native-country, United-States,workclass, Private,workclass, Private,<=50K
219,relationship, Wife,occupation, Adm-clerical,education, HS-grad,workclass, Self-emp-not-inc,<=50K,,,,,,,,
220,relationship, Wife,occupation, Exec-managerial,workclass, Self-emp-not-inc,>50K,,,,,,,,,,
221,relationship, Wife,occupation, Exec-managerial,workclass, Federal-gov,<=50K,,,,,,,,,,
222,relationship, Wife,occupation, Exec-managerial,workclass, Self-emp-inc,>50K,,,,,,,,,,
223,relationship, Wife,occupation, Exec-managerial,workclass, Private,education, Some-college,>50K,,,,,,,,
224,relationship, Wife,occupation, Exec-managerial,workclass, Private,education, HS-grad,native-country, United-States,<=50K,,,,,,
225,relationship, Wife,occupation, Exec-managerial,workclass, Private,education, HS-grad,native-country, Portugal,>50K,,,,,,
226,relationship, Wife,occupation, Exec-managerial,workclass, Private,education, Masters,>50K,,,,,,,,
227,relationship, Wife,occupation, Exec-managerial,workclass, Private,education, Assoc-acdm,>50K,,,,,,,,
228,relationship, Wife,occupation, Exec-managerial,workclass, Private,education, Bachelors,>50K,,,,,,,,
229,relationship, Wife,occupation, Exec-managerial,workclass, State-gov,education, Bachelors,>50K,,,,,,,,
230,relationship, Wife,occupation, Exec-managerial,workclass, State-gov,education, Some-college,<=50K,,,,,,,,
231,relationship, Wife,occupation, Machine-op-inspct,education, 7th-8th,>50K,,,,,,,,,,
232,relationship, Wife,occupation, Machine-op-inspct,education, Bachelors,<=50K,,,,,,,,,,
233,relationship, Wife,occupation, Machine-op-inspct,education, 5th-6th,<=50K,,,,,,,,,,
234,relationship, Wife,occupation, Machine-op-inspct,education, Some-college,>50K,,,,,,,,,,
235,relationship, Wife,occupation, Machine-op-inspct,education, HS-grad,race, Black,>50K,,,,,,,,
236,relationship, Wife,occupation, Machine-op-inspct,education, HS-grad,race, White,<=50K,,,,,,,,
237,relationship, Wife,occupation, Machine-op-inspct,education, 11th,<=50K,,,,,,,,,,
238,relationship, Wife,occupation, Other-service,workclass, Self-emp-inc,>50K,,,,,,,,,,
239,relationship, Wife,occupation, Other-service,workclass, Self-emp-not-inc,<=50K,,,,,,,,,,
240,relationship, Wife,occupation, Other-service,workclass, Local-gov,native-country, United-States,<=50K,,,,,,,,
241,relationship, Wife,occupation, Other-service,workclass, Local-gov,native-country, Jamaica,>50K,,,,,,,,
242,relationship, Wife,occupation, Other-service,workclass, Private,<=50K,,,,,,,,,,
243,relationship, Husband,education, 1st-4th,<=50K,,,,,,,,,,,,
244,relationship, Husband,education, 9th,occupation, Other-service,<=50K,,,,,,,,,,
245,relationship, Husband,education, 9th,occupation, Protective-serv,<=50K,,,,,,,,,,
246,relationship, Husband,education, 9th,occupation, Sales,<=50K,,,,,,,,,,
247,relationship, Husband,education, 9th,occupation, Craft-repair,workclass, Private,workclass, Private,workclass, Private,workclass, Private,workclass, Private,<=50K
248,relationship, Husband,education, 9th,occupation, Craft-repair,workclass, Self-emp-not-inc,<=50K,,,,,,,,
249,relationship, Husband,education, 9th,occupation, Handlers-cleaners,<=50K,,,,,,,,,,
250,relationship, Husband,education, 9th,occupation, Transport-moving,workclass, Local-gov,<=50K,,,,,,,,
251,relationship, Husband,education, 9th,occupation, Transport-moving,workclass, Private,workclass, Private,workclass, Private,workclass, Private,workclass, Private,<=50K
252,relationship, Husband,education, 9th,occupation, Exec-managerial,<=50K,,,,,,,,,,
253,relationship, Husband,education, 9th,occupation, Machine-op-inspct,<=50K,,,,,,,,,,
254,relationship, Husband,education, Assoc-acdm,occupation, Craft-repair,<=50K,,,,,,,,,,
255,relationship, Husband,education, Assoc-acdm,occupation, Machine-op-inspct,>50K,,,,,,,,,,
256,relationship, Husband,education, Assoc-acdm,occupation, Transport-moving,<=50K,,,,,,,,,,
257,relationship, Husband,education, Assoc-acdm,occupation, Tech-support,workclass, Local-gov,<=50K,,,,,,,,
258,relationship, Husband,education, Assoc-acdm,occupation, Tech-support,workclass, Private,>50K,,,,,,,,
259,relationship, Husband,education, Assoc-acdm,occupation, Tech-support,workclass, Federal-gov,<=50K,,,,,,,,
260,relationship, Husband,education, Assoc-acdm,occupation, Exec-managerial,workclass, Federal-gov,<=50K,,,,,,,,
261,relationship, Husband,education, Assoc-acdm,occupation, Exec-managerial,workclass, Self-emp-inc,>50K,,,,,,,,
262,relationship, Husband,education, Assoc-acdm,occupation, Exec-managerial,workclass, Private,workclass, Private,workclass, Private,workclass, Private,workclass, Private,<=50K
263,relationship, Husband,education, Assoc-acdm,occupation, Sales,workclass, Private,workclass, Private,workclass, Private,workclass, Private,workclass, Private,>50K
264,relationship, Husband,education, Assoc-acdm,occupation, Farming-fishing,<=50K,,,,,,,,,,
265,relationship, Husband,education, Assoc-acdm,occupation, Adm-clerical,workclass, Private,<=50K,,,,,,,,
266,relationship, Husband,education, Assoc-acdm,occupation, Adm-clerical,workclass, Federal-gov,>50K,,,,,,,,
267,relationship, Husband,education, Assoc-acdm,occupation, Adm-clerical,workclass, Local-gov,<=50K,,,,,,,,
268,relationship, Husband,education, Assoc-acdm,occupation, Prof-specialty,workclass, Local-gov,native-country, United-States,<=50K,,,,,,
269,relationship, Husband,education, Assoc-acdm,occupation, Prof-specialty,workclass, Local-gov,native-country, Canada,>50K,,,,,,
270,relationship, Husband,education, Assoc-acdm,occupation, Prof-specialty,workclass, Private,>50K,,,,,,,,
271,relationship, Husband,education, 10th,occupation, Handlers-cleaners,<=50K,,,,,,,,,,
272,relationship, Husband,education, 10th,occupation, Exec-managerial,<=50K,,,,,,,,,,
273,relationship, Husband,education, 10th,occupation, Farming-fishing,<=50K,,,,,,,,,,
274,relationship, Husband,education, 10th,occupation, Sales,<=50K,,,,,,,,,,
275,relationship, Husband,education, 10th,occupation, Transport-moving,workclass, Local-gov,<=50K,,,,,,,,
276,relationship, Husband,education, 10th,occupation, Transport-moving,workclass, Private,race, Black,>50K,,,,,,
277,relationship, Husband,education, 10th,occupation, Transport-moving,workclass, Private,race, White,workclass, Private,workclass, Private,workclass, Private,<=50K
278,relationship, Husband,education, 10th,occupation, Transport-moving,workclass, Self-emp-not-inc,<=50K,,,,,,,,
279,relationship, Husband,education, 10th,occupation, Craft-repair,workclass, Self-emp-not-inc,<=50K,,,,,,,,
280,relationship, Husband,education, 10th,occupation, Craft-repair,workclass, Private,race, Asian-Pac-Islander,<=50K,,,,,,
281,relationship, Husband,education, 10th,occupation, Craft-repair,workclass, Private,race, White,workclass, Private,workclass, Private,workclass, Private,<=50K
282,relationship, Husband,education, 10th,occupation, Machine-op-inspct,<=50K,,,,,,,,,,
283,relationship, Husband,education, 11th,occupation, Sales,<=50K,,,,,,,,,,
284,relationship, Husband,education, 11th,occupation, Other-service,<=50K,,,,,,,,,,
285,relationship, Husband,education, 11th,occupation, Craft-repair,<=50K,,,,,,,,,,
286,relationship, Husband,education, 11th,occupation, Transport-moving,<=50K,,,,,,,,,,
287,relationship, Husband,education, 11th,occupation, Exec-managerial,<=50K,,,,,,,,,,
288,relationship, Husband,education, 11th,occupation, Machine-op-inspct,<=50K,,,,,,,,,,
289,relationship, Husband,education, 11th,occupation, Handlers-cleaners,workclass, Private,workclass, Private,workclass, Private,workclass, Private,workclass, Private,>50K
290,relationship, Husband,education, 5th-6th,native-country, Italy,>50K,,,,,,,,,,
291,relationship, Husband,education, 5th-6th,native-country, United-States,<=50K,,,,,,,,,,
292,relationship, Husband,education, 5th-6th,native-country, Mexico,<=50K,,,,,,,,,,
293,relationship, Husband,education, 12th,<=50K,,,,,,,,,,,,
294,relationship, Husband,education, Assoc-voc,occupation, Protective-serv,<=50K,,,,,,,,,,
295,relationship, Husband,education, Assoc-voc,occupation, Transport-moving,<=50K,,,,,,,,,,
296,relationship, Husband,education, Assoc-voc,occupation, Tech-support,native-country, Mexico,<=50K,,,,,,,,
297,relationship, Husband,education, Assoc-voc,occupation, Tech-support,native-country, United-States,>50K,,,,,,,,
298,relationship, Husband,education, Assoc-voc,occupation, Prof-specialty,workclass, Private,>50K,,,,,,,,
299,relationship, Husband,education, Assoc-voc,occupation, Prof-specialty,workclass, Self-emp-not-inc,<=50K,,,,,,,,
300,relationship, Husband,education, Assoc-voc,occupation, Sales,workclass, Self-emp-not-inc,>50K,,,,,,,,
301,relationship, Husband,education, Assoc-voc,occupation, Sales,workclass, Private,native-country, United-States,<=50K,,,,,,
302,relationship, Husband,education, Assoc-voc,occupation, Sales,workclass, Private,native-country, Germany,>50K,,,,,,
303,relationship, Husband,education, Assoc-voc,occupation, Farming-fishing,workclass, Self-emp-not-inc,workclass, Self-emp-not-inc,workclass, Self-emp-not-inc,workclass, Self-emp-not-inc,workclass, Self-emp-not-inc,<=50K
304,relationship, Husband,education, Assoc-voc,occupation, Farming-fishing,workclass, Private,<=50K,,,,,,,,
305,relationship, Husband,education, Assoc-voc,occupation, Exec-managerial,workclass, Self-emp-inc,>50K,,,,,,,,
306,relationship, Husband,education, Assoc-voc,occupation, Exec-managerial,workclass, Private,native-country, Germany,>50K,,,,,,
307,relationship, Husband,education, Assoc-voc,occupation, Exec-managerial,workclass, Private,native-country, United-States,workclass, Private,workclass, Private,workclass, Private,>50K
308,relationship, Husband,education, Assoc-voc,occupation, Machine-op-inspct,<=50K,,,,,,,,,,
309,relationship, Husband,education, Assoc-voc,occupation, Handlers-cleaners,<=50K,,,,,,,,,,
310,relationship, Husband,education, Assoc-voc,occupation, Craft-repair,native-country, Canada,<=50K,,,,,,,,
311,relationship, Husband,education, Assoc-voc,occupation, Craft-repair,native-country, Portugal,>50K,,,,,,,,
312,relationship, Husband,education, Assoc-voc,occupation, Craft-repair,native-country, Mexico,<=50K,,,,,,,,
313,relationship, Husband,education, Assoc-voc,occupation, Craft-repair,native-country, United-States,race, Black,<=50K,,,,,,
314,relationship, Husband,education, Assoc-voc,occupation, Craft-repair,native-country, United-States,race, White,workclass, Private,workclass, Private,workclass, Private,<=50K
315,relationship, Husband,education, Assoc-voc,occupation, Craft-repair,native-country, Poland,>50K,,,,,,,,
316,relationship, Husband,education, Assoc-voc,occupation, Other-service,<=50K,,,,,,,,,,
317,relationship, Husband,education, Prof-school,workclass, State-gov,>50K,,,,,,,,,,
318,relationship, Husband,education, Prof-school,workclass, Local-gov,>50K,,,,,,,,,,
319,relationship, Husband,education, Prof-school,workclass, Federal-gov,>50K,,,,,,,,,,
320,relationship, Husband,education, Prof-school,workclass, Private,race, Asian-Pac-Islander,>50K,,,,,,,,
321,relationship, Husband,education, Prof-school,workclass, Private,race, White,occupation, Tech-support,>50K,,,,,,
322,relationship, Husband,education, Prof-school,workclass, Private,race, White,occupation, Prof-specialty,workclass, Private,workclass, Private,workclass, Private,>50K
323,relationship, Husband,education, Prof-school,workclass, Self-emp-not-inc,race, Amer-Indian-Eskimo,>50K,,,,,,,,
324,relationship, Husband,education, Prof-school,workclass, Self-emp-not-inc,race, White,occupation, Farming-fishing,>50K,,,,,,
325,relationship, Husband,education, Prof-school,workclass, Self-emp-not-inc,race, White,occupation, Prof-specialty,workclass, Self-emp-not-inc,workclass, Self-emp-not-inc,workclass, Self-emp-not-inc,>50K
326,relationship, Husband,education, Prof-school,workclass, Self-emp-not-inc,race, Asian-Pac-Islander,>50K,,,,,,,,
327,relationship, Husband,education, Prof-school,workclass, Self-emp-inc,>50K,,,,,,,,,,
328,relationship, Husband,education, Bachelors,native-country, Puerto-Rico,>50K,,,,,,,,,,
329,relationship, Husband,education, Bachelors,native-country, Greece,>50K,,,,,,,,,,
330,relationship, Husband,education, Bachelors,native-country, Peru,>50K,,,,,,,,,,
331,relationship, Husband,education, Bachelors,native-country, Japan,occupation, Exec-managerial,>50K,,,,,,,,
332,relationship, Husband,education, Bachelors,native-country, Japan,occupation, Prof-specialty,<=50K,,,,,,,,
333,relationship, Husband,education, Bachelors,native-country, Japan,occupation, Sales,<=50K,,,,,,,,
334,relationship, Husband,education, Bachelors,native-country, South,<=50K,,,,,,,,,,
335,relationship, Husband,education, Bachelors,native-country, India,<=50K,,,,,,,,,,
336,relationship, Husband,education, Bachelors,native-country, Poland,occupation, Sales,<=50K,,,,,,,,
337,relationship, Husband,education, Bachelors,native-country, Poland,occupation, Machine-op-inspct,>50K,,,,,,,,
338,relationship, Husband,education, Bachelors,native-country, France,>50K,,,,,,,,,,
339,relationship, Husband,education, Bachelors,native-country, Vietnam,<=50K,,,,,,,,,,
340,relationship, Husband,education, Bachelors,native-country, Canada,workclass, Self-emp-not-inc,>50K,,,,,,,,
341,relationship, Husband,education, Bachelors,native-country, Canada,workclass, Private,<=50K,,,,,,,,
342,relationship, Husband,education, Bachelors,native-country, China,>50K,,,,,,,,,,
343,relationship, Husband,education, Bachelors,native-country, Iran,workclass, Federal-gov,<=50K,,,,,,,,
344,relationship, Husband,education, Bachelors,native-country, Iran,workclass, Private,>50K,,,,,,,,
345,relationship, Husband,education, Bachelors,native-country, Germany,workclass, Private,<=50K,,,,,,,,
346,relationship, Husband,education, Bachelors,native-country, Germany,workclass, Self-emp-inc,>50K,,,,,,,,
347,relationship, Husband,education, Bachelors,native-country, El-Salvador,<=50K,,,,,,,,,,
348,relationship, Husband,education, Bachelors,native-country, Philippines,<=50K,,,,,,,,,,
349,relationship, Husband,education, Bachelors,native-country, Mexico,<=50K,,,,,,,,,,
350,relationship, Husband,education, Bachelors,native-country, United-States,occupation, Machine-op-inspct,workclass, Private,workclass, Private,workclass, Private,workclass, Private,>50K
351,relationship, Husband,education, Bachelors,native-country, United-States,occupation, Transport-moving,workclass, Private,workclass, Private,workclass, Private,workclass, Private,>50K
352,relationship, Husband,education, Bachelors,native-country, United-States,occupation, Adm-clerical,workclass, State-gov,<=50K,,,,,,
353,relationship, Husband,education, Bachelors,native-country, United-States,occupation, Adm-clerical,workclass, Private,workclass, Private,workclass, Private,workclass, Private,>50K
354,relationship, Husband,education, Bachelors,native-country, United-States,occupation, Adm-clerical,workclass, Local-gov,>50K,,,,,,
355,relationship, Husband,education, Bachelors,native-country, United-States,occupation, Other-service,race, Asian-Pac-Islander,>50K,,,,,,
356,relationship, Husband,education, Bachelors,native-country, United-States,occupation, Other-service,race, White,<=50K,,,,,,
357,relationship, Husband,education, Bachelors,native-country, United-States,occupation, Handlers-cleaners,<=50K,,,,,,,,
358,relationship, Husband,education, Bachelors,native-country, United-States,occupation, Prof-specialty,workclass, State-gov,>50K,,,,,,
359,relationship, Husband,education, Bachelors,native-country, United-States,occupation, Prof-specialty,workclass, Local-gov,>50K,,,,,,
360,relationship, Husband,education, Bachelors,native-country, United-States,occupation, Prof-specialty,workclass, Federal-gov,>50K,,,,,,
361,relationship, Husband,education, Bachelors,native-country, United-States,occupation, Prof-specialty,workclass, Self-emp-not-inc,workclass, Self-emp-not-inc,workclass, Self-emp-not-inc,workclass, Self-emp-not-inc,<=50K
362,relationship, Husband,education, Bachelors,native-country, United-States,occupation, Prof-specialty,workclass, Self-emp-inc,workclass, Self-emp-inc,workclass, Self-emp-inc,workclass, Self-emp-inc,<=50K
363,relationship, Husband,education, Bachelors,native-country, United-States,occupation, Prof-specialty,workclass, Private,workclass, Private,workclass, Private,workclass, Private,>50K
364,relationship, Husband,education, Bachelors,native-country, United-States,occupation, Protective-serv,workclass, Local-gov,>50K,,,,,,
365,relationship, Husband,education, Bachelors,native-country, United-States,occupation, Protective-serv,workclass, Federal-gov,<=50K,,,,,,
366,relationship, Husband,education, Bachelors,native-country, United-States,occupation, Protective-serv,workclass, State-gov,>50K,,,,,,
367,relationship, Husband,education, Bachelors,native-country, United-States,occupation, Farming-fishing,workclass, Private,>50K,,,,,,
368,relationship, Husband,education, Bachelors,native-country, United-States,occupation, Farming-fishing,workclass, Self-emp-not-inc,workclass, Self-emp-not-inc,workclass, Self-emp-not-inc,workclass, Self-emp-not-inc,<=50K
369,relationship, Husband,education, Bachelors,native-country, United-States,occupation, Farming-fishing,workclass, Self-emp-inc,>50K,,,,,,
370,relationship, Husband,education, Bachelors,native-country, United-States,occupation, Craft-repair,workclass, Self-emp-inc,>50K,,,,,,
371,relationship, Husband,education, Bachelors,native-country, United-States,occupation, Craft-repair,workclass, Local-gov,<=50K,,,,,,
372,relationship, Husband,education, Bachelors,native-country, United-States,occupation, Craft-repair,workclass, Private,workclass, Private,workclass, Private,workclass, Private,<=50K
373,relationship, Husband,education, Bachelors,native-country, United-States,occupation, Craft-repair,workclass, Self-emp-not-inc,workclass, Self-emp-not-inc,workclass, Self-emp-not-inc,workclass, Self-emp-not-inc,<=50K
374,relationship, Husband,education, Bachelors,native-country, United-States,occupation, Tech-support,workclass, Local-gov,>50K,,,,,,
375,relationship, Husband,education, Bachelors,native-country, United-States,occupation, Tech-support,workclass, Federal-gov,<=50K,,,,,,
376,relationship, Husband,education, Bachelors,native-country, United-States,occupation, Tech-support,workclass, Private,workclass, Private,workclass, Private,workclass, Private,>50K
377,relationship, Husband,education, Bachelors,native-country, United-States,occupation, Tech-support,workclass, State-gov,<=50K,,,,,,
378,relationship, Husband,education, Bachelors,native-country, United-States,occupation, Exec-managerial,workclass, Federal-gov,>50K,,,,,,
379,relationship, Husband,education, Bachelors,native-country, United-States,occupation, Exec-managerial,workclass, Self-emp-inc,>50K,,,,,,
380,relationship, Husband,education, Bachelors,native-country, United-States,occupation, Exec-managerial,workclass, Self-emp-not-inc,workclass, Self-emp-not-inc,workclass, Self-emp-not-inc,workclass, Self-emp-not-inc,>50K
381,relationship, Husband,education, Bachelors,native-country, United-States,occupation, Exec-managerial,workclass, State-gov,workclass, State-gov,workclass, State-gov,workclass, State-gov,>50K
382,relationship, Husband,education, Bachelors,native-country, United-States,occupation, Exec-managerial,workclass, Local-gov,>50K,,,,,,
383,relationship, Husband,education, Bachelors,native-country, United-States,occupation, Exec-managerial,workclass, Private,workclass, Private,workclass, Private,workclass, Private,>50K
384,relationship, Husband,education, Bachelors,native-country, United-States,occupation, Sales,race, Black,>50K,,,,,,
385,relationship, Husband,education, Bachelors,native-country, United-States,occupation, Sales,race, White,workclass, Self-emp-not-inc,workclass, Self-emp-not-inc,workclass, Self-emp-not-inc,>50K
386,relationship, Husband,education, Bachelors,native-country, United-States,occupation, Sales,race, White,workclass, Self-emp-inc,workclass, Self-emp-inc,workclass, Self-emp-inc,>50K
387,relationship, Husband,education, Bachelors,native-country, United-States,occupation, Sales,race, White,workclass, Private,workclass, Private,workclass, Private,>50K
388,relationship, Husband,education, Masters,occupation, Craft-repair,>50K,,,,,,,,,,
389,relationship, Husband,education, Masters,occupation, Transport-moving,native-country, United-States,>50K,,,,,,,,
390,relationship, Husband,education, Masters,occupation, Transport-moving,native-country, Poland,<=50K,,,,,,,,
391,relationship, Husband,education, Masters,occupation, Tech-support,>50K,,,,,,,,,,
392,relationship, Husband,education, Masters,occupation, Adm-clerical,>50K,,,,,,,,,,
393,relationship, Husband,education, Masters,occupation, Protective-serv,>50K,,,,,,,,,,
394,relationship, Husband,education, Masters,occupation, Sales,workclass, Private,workclass, Private,workclass, Private,workclass, Private,workclass, Private,>50K
395,relationship, Husband,education, Masters,occupation, Sales,workclass, Self-emp-not-inc,>50K,,,,,,,,
396,relationship, Husband,education, Masters,occupation, Exec-managerial,>50K,,,,,,,,,,
397,relationship, Husband,education, Masters,occupation, Prof-specialty,workclass, Federal-gov,>50K,,,,,,,,
398,relationship, Husband,education, Masters,occupation, Prof-specialty,workclass, Self-emp-not-inc,>50K,,,,,,,,
399,relationship, Husband,education, Masters,occupation, Prof-specialty,workclass, State-gov,workclass, State-gov,workclass, State-gov,workclass, State-gov,workclass, State-gov,>50K
400,relationship, Husband,education, Masters,occupation, Prof-specialty,workclass, Local-gov,workclass, Local-gov,workclass, Local-gov,workclass, Local-gov,workclass, Local-gov,<=50K
401,relationship, Husband,education, Masters,occupation, Prof-specialty,workclass, Private,native-country, England,>50K,,,,,,
402,relationship, Husband,education, Masters,occupation, Prof-specialty,workclass, Private,native-country, United-States,workclass, Private,workclass, Private,workclass, Private,>50K
403,relationship, Husband,education, Doctorate,occupation, Craft-repair,<=50K,,,,,,,,,,
404,relationship, Husband,education, Doctorate,occupation, Exec-managerial,>50K,,,,,,,,,,
405,relationship, Husband,education, Doctorate,occupation, Prof-specialty,>50K,,,,,,,,,,
406,relationship, Husband,education, 7th-8th,workclass, State-gov,<=50K,,,,,,,,,,
407,relationship, Husband,education, 7th-8th,workclass, Self-emp-inc,>50K,,,,,,,,,,
408,relationship, Husband,education, 7th-8th,workclass, Self-emp-not-inc,occupation, Exec-managerial,>50K,,,,,,,,
409,relationship, Husband,education, 7th-8th,workclass, Self-emp-not-inc,occupation, Farming-fishing,<=50K,,,,,,,,
410,relationship, Husband,education, 7th-8th,workclass, Self-emp-not-inc,occupation, Craft-repair,<=50K,,,,,,,,
411,relationship, Husband,education, 7th-8th,workclass, Private,<=50K,,,,,,,,,,
412,relationship, Husband,education, Some-college,occupation, Handlers-cleaners,workclass, Private,workclass, Private,workclass, Private,workclass, Private,workclass, Private,<=50K
413,relationship, Husband,education, Some-college,occupation, Other-service,workclass, Local-gov,>50K,,,,,,,,
414,relationship, Husband,education, Some-college,occupation, Other-service,workclass, Federal-gov,<=50K,,,,,,,,
415,relationship, Husband,education, Some-college,occupation, Other-service,workclass, Private,<=50K,,,,,,,,
416,relationship, Husband,education, Some-college,occupation, Other-service,workclass, State-gov,<=50K,,,,,,,,
417,relationship, Husband,education, Some-college,occupation, Transport-moving,workclass, Self-emp-inc,>50K,,,,,,,,
418,relationship, Husband,education, Some-college,occupation, Transport-moving,workclass, Private,race, Black,<=50K,,,,,,
419,relationship, Husband,education, Some-college,occupation, Transport-moving,workclass, Private,race, White,workclass, Private,workclass, Private,workclass, Private,>50K
420,relationship, Husband,education, Some-college,occupation, Adm-clerical,race, Black,>50K,,,,,,,,
421,relationship, Husband,education, Some-college,occupation, Adm-clerical,race, White,native-country, Mexico,<=50K,,,,,,
422,relationship, Husband,education, Some-college,occupation, Adm-clerical,race, White,native-country, United-States,workclass, Private,workclass, Private,workclass, Private,<=50K
423,relationship, Husband,education, Some-college,occupation, Protective-serv,workclass, Federal-gov,>50K,,,,,,,,
424,relationship, Husband,education, Some-college,occupation, Protective-serv,workclass, Local-gov,workclass, Local-gov,workclass, Local-gov,workclass, Local-gov,workclass, Local-gov,<=50K
425,relationship, Husband,education, Some-college,occupation, Protective-serv,workclass, Private,<=50K,,,,,,,,
426,relationship, Husband,education, Some-college,occupation, Machine-op-inspct,workclass, Self-emp-not-inc,<=50K,,,,,,,,
427,relationship, Husband,education, Some-college,occupation, Machine-op-inspct,workclass, State-gov,>50K,,,,,,,,
428,relationship, Husband,education, Some-college,occupation, Machine-op-inspct,workclass, Private,workclass, Private,workclass, Private,workclass, Private,workclass, Private,<=50K
429,relationship, Husband,education, Some-college,occupation, Exec-managerial,race, Black,<=50K,,,,,,,,
430,relationship, Husband,education, Some-college,occupation, Exec-managerial,race, Asian-Pac-Islander,<=50K,,,,,,,,
431,relationship, Husband,education, Some-college,occupation, Exec-managerial,race, White,workclass, Self-emp-not-inc,workclass, Self-emp-not-inc,workclass, Self-emp-not-inc,workclass, Self-emp-not-inc,<=50K
432,relationship, Husband,education, Some-college,occupation, Exec-managerial,race, White,workclass, Self-emp-inc,>50K,,,,,,
433,relationship, Husband,education, Some-college,occupation, Exec-managerial,race, White,workclass, Local-gov,workclass, Local-gov,workclass, Local-gov,workclass, Local-gov,>50K
434,relationship, Husband,education, Some-college,occupation, Exec-managerial,race, White,workclass, Private,workclass, Private,workclass, Private,workclass, Private,>50K
435,relationship, Husband,education, Some-college,occupation, Tech-support,native-country, United-States,workclass, Federal-gov,>50K,,,,,,
436,relationship, Husband,education, Some-college,occupation, Tech-support,native-country, United-States,workclass, Local-gov,>50K,,,,,,
437,relationship, Husband,education, Some-college,occupation, Tech-support,native-country, United-States,workclass, Private,workclass, Private,workclass, Private,workclass, Private,>50K
438,relationship, Husband,education, Some-college,occupation, Tech-support,native-country, Poland,<=50K,,,,,,,,
439,relationship, Husband,education, Some-college,occupation, Farming-fishing,<=50K,,,,,,,,,,
440,relationship, Husband,education, Some-college,occupation, Sales,workclass, Self-emp-inc,workclass, Self-emp-inc,workclass, Self-emp-inc,workclass, Self-emp-inc,workclass, Self-emp-inc,>50K
441,relationship, Husband,education, Some-college,occupation, Sales,workclass, Self-emp-not-inc,>50K,,,,,,,,
442,relationship, Husband,education, Some-college,occupation, Sales,workclass, Private,native-country, Taiwan,<=50K,,,,,,
443,relationship, Husband,education, Some-college,occupation, Sales,workclass, Private,native-country, Germany,<=50K,,,,,,
444,relationship, Husband,education, Some-college,occupation, Sales,workclass, Private,native-country, United-States,race, Asian-Pac-Islander,>50K,,,,
445,relationship, Husband,education, Some-college,occupation, Sales,workclass, Private,native-country, United-States,race, White,workclass, Private,workclass, Private,<=50K
446,relationship, Husband,education, Some-college,occupation, Sales,workclass, Private,native-country, United-States,race, Black,workclass, Private,workclass, Private,>50K
447,relationship, Husband,education, Some-college,occupation, Craft-repair,race, Black,workclass, Private,workclass, Private,workclass, Private,workclass, Private,>50K
448,relationship, Husband,education, Some-college,occupation, Craft-repair,race, Amer-Indian-Eskimo,>50K,,,,,,,,
449,relationship, Husband,education, Some-college,occupation, Craft-repair,race, White,workclass, Local-gov,workclass, Local-gov,workclass, Local-gov,workclass, Local-gov,<=50K
450,relationship, Husband,education, Some-college,occupation, Craft-repair,race, White,workclass, Self-emp-not-inc,native-country, El-Salvador,<=50K,,,,
451,relationship, Husband,education, Some-college,occupation, Craft-repair,race, White,workclass, Self-emp-not-inc,native-country, United-States,workclass, Self-emp-not-inc,workclass, Self-emp-not-inc,<=50K
452,relationship, Husband,education, Some-college,occupation, Craft-repair,race, White,workclass, Private,workclass, Private,workclass, Private,workclass, Private,<=50K
453,relationship, Husband,education, Some-college,occupation, Craft-repair,race, White,workclass, State-gov,workclass, State-gov,workclass, State-gov,workclass, State-gov,>50K
454,relationship, Husband,education, Some-college,occupation, Craft-repair,race, White,workclass, Self-emp-inc,<=50K,,,,,,
455,relationship, Husband,education, Some-college,occupation, Prof-specialty,workclass, Self-emp-not-inc,<=50K,,,,,,,,
456,relationship, Husband,education, Some-college,occupation, Prof-specialty,workclass, Federal-gov,<=50K,,,,,,,,
457,relationship, Husband,education, Some-college,occupation, Prof-specialty,workclass, Private,race, Amer-Indian-Eskimo,<=50K,,,,,,
458,relationship, Husband,education, Some-college,occupation, Prof-specialty,workclass, Private,race, White,workclass, Private,workclass, Private,workclass, Private,>50K
459,relationship, Husband,education, HS-grad,occupation, Prof-specialty,workclass, State-gov,>50K,,,,,,,,
460,relationship, Husband,education, HS-grad,occupation, Prof-specialty,workclass, Private,race, Amer-Indian-Eskimo,<=50K,,,,,,
461,relationship, Husband,education, HS-grad,occupation, Prof-specialty,workclass, Private,race, White,workclass, Private,workclass, Private,workclass, Private,>50K
462,relationship, Husband,education, HS-grad,occupation, Prof-specialty,workclass, Federal-gov,>50K,,,,,,,,
463,relationship, Husband,education, HS-grad,occupation, Tech-support,workclass, Self-emp-not-inc,<=50K,,,,,,,,
464,relationship, Husband,education, HS-grad,occupation, Tech-support,workclass, State-gov,<=50K,,,,,,,,
465,relationship, Husband,education, HS-grad,occupation, Tech-support,workclass, Federal-gov,<=50K,,,,,,,,
466,relationship, Husband,education, HS-grad,occupation, Tech-support,workclass, Private,workclass, Private,workclass, Private,workclass, Private,workclass, Private,>50K
467,relationship, Husband,education, HS-grad,occupation, Farming-fishing,<=50K,,,,,,,,,,
468,relationship, Husband,education, HS-grad,occupation, Machine-op-inspct,native-country, South,<=50K,,,,,,,,
469,relationship, Husband,education, HS-grad,occupation, Machine-op-inspct,native-country, England,>50K,,,,,,,,
470,relationship, Husband,education, HS-grad,occupation, Machine-op-inspct,native-country, United-States,race, White,workclass, Private,workclass, Private,workclass, Private,<=50K
471,relationship, Husband,education, HS-grad,occupation, Machine-op-inspct,native-country, United-States,race, Black,workclass, Private,workclass, Private,workclass, Private,<=50K
472,relationship, Husband,education, HS-grad,occupation, Sales,workclass, State-gov,<=50K,,,,,,,,
473,relationship, Husband,education, HS-grad,occupation, Sales,workclass, Self-emp-inc,>50K,,,,,,,,
474,relationship, Husband,education, HS-grad,occupation, Sales,workclass, Self-emp-not-inc,race, White,workclass, Self-emp-not-inc,workclass, Self-emp-not-inc,workclass, Self-emp-not-inc,<=50K
475,relationship, Husband,education, HS-grad,occupation, Sales,workclass, Self-emp-not-inc,race, Asian-Pac-Islander,<=50K,,,,,,
476,relationship, Husband,education, HS-grad,occupation, Sales,workclass, Private,native-country, Mexico,<=50K,,,,,,
477,relationship, Husband,education, HS-grad,occupation, Sales,workclass, Private,native-country, Columbia,<=50K,,,,,,
478,relationship, Husband,education, HS-grad,occupation, Sales,workclass, Private,native-country, United-States,sex, Female,<=50K,,,,
479,relationship, Husband,education, HS-grad,occupation, Sales,workclass, Private,native-country, United-States,sex, Male,race, Other,<=50K,,
480,relationship, Husband,education, HS-grad,occupation, Sales,workclass, Private,native-country, United-States,sex, Male,race, White,workclass, Private,<=50K
481,relationship, Husband,education, HS-grad,occupation, Adm-clerical,workclass, Local-gov,<=50K,,,,,,,,
482,relationship, Husband,education, HS-grad,occupation, Adm-clerical,workclass, Federal-gov,race, Black,workclass, Federal-gov,workclass, Federal-gov,workclass, Federal-gov,>50K
483,relationship, Husband,education, HS-grad,occupation, Adm-clerical,workclass, Federal-gov,race, White,workclass, Federal-gov,workclass, Federal-gov,workclass, Federal-gov,<=50K
484,relationship, Husband,education, HS-grad,occupation, Adm-clerical,workclass, State-gov,<=50K,,,,,,,,
485,relationship, Husband,education, HS-grad,occupation, Adm-clerical,workclass, Private,marital-status, Married-AF-spouse,<=50K,,,,,,
486,relationship, Husband,education, HS-grad,occupation, Adm-clerical,workclass, Private,marital-status, Married-civ-spouse,workclass, Private,workclass, Private,workclass, Private,<=50K
487,relationship, Husband,education, HS-grad,occupation, Protective-serv,workclass, State-gov,<=50K,,,,,,,,
488,relationship, Husband,education, HS-grad,occupation, Protective-serv,workclass, Private,<=50K,,,,,,,,
489,relationship, Husband,education, HS-grad,occupation, Protective-serv,workclass, Local-gov,workclass, Local-gov,workclass, Local-gov,workclass, Local-gov,workclass, Local-gov,>50K
490,relationship, Husband,education, HS-grad,occupation, Craft-repair,race, Asian-Pac-Islander,<=50K,,,,,,,,
491,relationship, Husband,education, HS-grad,occupation, Craft-repair,race, Other,<=50K,,,,,,,,
492,relationship, Husband,education, HS-grad,occupation, Craft-repair,race, Amer-Indian-Eskimo,<=50K,,,,,,,,
493,relationship, Husband,education, HS-grad,occupation, Craft-repair,race, Black,<=50K,,,,,,,,
494,relationship, Husband,education, HS-grad,occupation, Craft-repair,race, White,native-country, Cuba,>50K,,,,,,
495,relationship, Husband,education, HS-grad,occupation, Craft-repair,race, White,native-country, Greece,<=50K,,,,,,
496,relationship, Husband,education, HS-grad,occupation, Craft-repair,race, White,native-country, Italy,>50K,,,,,,
497,relationship, Husband,education, HS-grad,occupation, Craft-repair,race, White,native-country, United-States,workclass, State-gov,<=50K,,,,
498,relationship, Husband,education, HS-grad,occupation, Craft-repair,race, White,native-country, United-States,workclass, Local-gov,workclass, Local-gov,workclass, Local-gov,<=50K
499,relationship, Husband,education, HS-grad,occupation, Craft-repair,race, White,native-country, United-States,workclass, Self-emp-not-inc,marital-status, Married-AF-spouse,<=50K,,
500,relationship, Husband,education, HS-grad,occupation, Craft-repair,race, White,native-country, United-States,workclass, Self-emp-not-inc,marital-status, Married-civ-spouse,workclass, Self-emp-not-inc,<=50K
501,relationship, Husband,education, HS-grad,occupation, Craft-repair,race, White,native-country, United-States,workclass, Self-emp-inc,workclass, Self-emp-inc,workclass, Self-emp-inc,>50K
502,relationship, Husband,education, HS-grad,occupation, Craft-repair,race, White,native-country, United-States,workclass, Private,workclass, Private,workclass, Private,<=50K
503,relationship, Husband,education, HS-grad,occupation, Exec-managerial,native-country, Taiwan,>50K,,,,,,,,
504,relationship, Husband,education, HS-grad,occupation, Exec-managerial,native-country, Greece,<=50K,,,,,,,,
505,relationship, Husband,education, HS-grad,occupation, Exec-managerial,native-country, Hungary,<=50K,,,,,,,,
506,relationship, Husband,education, HS-grad,occupation, Exec-managerial,native-country, United-States,workclass, Local-gov,workclass, Local-gov,workclass, Local-gov,workclass, Local-gov,>50K
507,relationship, Husband,education, HS-grad,occupation, Exec-managerial,native-country, United-States,workclass, Self-emp-inc,workclass, Self-emp-inc,workclass, Self-emp-inc,workclass, Self-emp-inc,>50K
508,relationship, Husband,education, HS-grad,occupation, Exec-managerial,native-country, United-States,workclass, Private,workclass, Private,workclass, Private,workclass, Private,>50K
509,relationship, Husband,education, HS-grad,occupation, Exec-managerial,native-country, United-States,workclass, Self-emp-not-inc,workclass, Self-emp-not-inc,workclass, Self-emp-not-inc,workclass, Self-emp-not-inc,<=50K
510,relationship, Husband,education, HS-grad,occupation, Handlers-cleaners,race, Black,workclass, Private,workclass, Private,workclass, Private,workclass, Private,<=50K
511,relationship, Husband,education, HS-grad,occupation, Handlers-cleaners,race, White,workclass, Self-emp-inc,<=50K,,,,,,
512,relationship, Husband,education, HS-grad,occupation, Handlers-cleaners,race, White,workclass, Private,workclass, Private,workclass, Private,workclass, Private,<=50K
513,relationship, Husband,education, HS-grad,occupation, Transport-moving,race, Amer-Indian-Eskimo,<=50K,,,,,,,,
514,relationship, Husband,education, HS-grad,occupation, Transport-moving,race, Other,<=50K,,,,,,,,
515,relationship, Husband,education, HS-grad,occupation, Transport-moving,race, Black,<=50K,,,,,,,,
516,relationship, Husband,education, HS-grad,occupation, Transport-moving,race, White,workclass, Local-gov,<=50K,,,,,,
517,relationship, Husband,education, HS-grad,occupation, Transport-moving,race, White,workclass, Federal-gov,<=50K,,,,,,
518,relationship, Husband,education, HS-grad,occupation, Transport-moving,race, White,workclass, Self-emp-not-inc,native-country, Mexico,>50K,,,,
519,relationship, Husband,education, HS-grad,occupation, Transport-moving,race, White,workclass, Self-emp-not-inc,native-country, United-States,<=50K,,,,
520,relationship, Husband,education, HS-grad,occupation, Transport-moving,race, White,workclass, Private,workclass, Private,workclass, Private,workclass, Private,>50K
521,relationship, Husband,education, HS-grad,occupation, Other-service,native-country, China,<=50K,,,,,,,,
522,relationship, Husband,education, HS-grad,occupation, Other-service,native-country, Yugoslavia,>50K,,,,,,,,
523,relationship, Husband,education, HS-grad,occupation, Other-service,native-country, United-States,workclass, State-gov,<=50K,,,,,,
524,relationship, Husband,education, HS-grad,occupation, Other-service,native-country, United-States,workclass, Private,race, Black,<=50K,,,,
525,relationship, Husband,education, HS-grad,occupation, Other-service,native-country, United-States,workclass, Private,race, White,workclass, Private,workclass, Private,<=50K
526,relationship, Husband,education, HS-grad,occupation, Other-service,native-country, United-States,workclass, Self-emp-not-inc,<=50K,,,,,,
527,relationship, Husband,education, HS-grad,occupation, Other-service,native-country, United-States,workclass, Local-gov,workclass, Local-gov,workclass, Local-gov,workclass, Local-gov,<=50K
528,relationship, Unmarried,occupation, Priv-house-serv,<=50K,,,,,,,,,,,,
529,relationship, Unmarried,occupation, Farming-fishing,sex, Female,>50K,,,,,,,,,,
530,relationship, Unmarried,occupation, Farming-fishing,sex, Male,<=50K,,,,,,,,,,
531,relationship, Unmarried,occupation, Protective-serv,race, Amer-Indian-Eskimo,>50K,,,,,,,,,,
532,relationship, Unmarried,occupation, Protective-serv,race, White,<=50K,,,,,,,,,,
533,relationship, Unmarried,occupation, Handlers-cleaners,<=50K,,,,,,,,,,,,
534,relationship, Unmarried,occupation, Machine-op-inspct,<=50K,,,,,,,,,,,,
535,relationship, Unmarried,occupation, Transport-moving,education, 11th,<=50K,,,,,,,,,,
536,relationship, Unmarried,occupation, Transport-moving,education, HS-grad,workclass, Private,marital-status, Divorced,>50K,,,,,,
537,relationship, Unmarried,occupation, Transport-moving,education, HS-grad,workclass, Private,marital-status, Widowed,workclass, Private,workclass, Private,workclass, Private,>50K
538,relationship, Unmarried,occupation, Transport-moving,education, HS-grad,workclass, Private,marital-status, Separated,<=50K,,,,,,
539,relationship, Unmarried,occupation, Transport-moving,education, HS-grad,workclass, State-gov,<=50K,,,,,,,,
540,relationship, Unmarried,occupation, Transport-moving,education, 5th-6th,<=50K,,,,,,,,,,
541,relationship, Unmarried,occupation, Transport-moving,education, 12th,<=50K,,,,,,,,,,
542,relationship, Unmarried,occupation, Prof-specialty,education, HS-grad,<=50K,,,,,,,,,,
543,relationship, Unmarried,occupation, Prof-specialty,education, Assoc-voc,marital-status, Divorced,>50K,,,,,,,,
544,relationship, Unmarried,occupation, Prof-specialty,education, Assoc-voc,marital-status, Married-spouse-absent,<=50K,,,,,,,,
545,relationship, Unmarried,occupation, Prof-specialty,education, Assoc-voc,marital-status, Separated,<=50K,,,,,,,,
546,relationship, Unmarried,occupation, Prof-specialty,education, Bachelors,workclass, Private,>50K,,,,,,,,
547,relationship, Unmarried,occupation, Prof-specialty,education, Bachelors,workclass, Local-gov,<=50K,,,,,,,,
548,relationship, Unmarried,occupation, Prof-specialty,education, Some-college,marital-status, Divorced,<=50K,,,,,,,,
549,relationship, Unmarried,occupation, Prof-specialty,education, Some-college,marital-status, Never-married,workclass, Private,>50K,,,,,,
550,relationship, Unmarried,occupation, Prof-specialty,education, Some-college,marital-status, Never-married,workclass, Self-emp-not-inc,<=50K,,,,,,
551,relationship, Unmarried,occupation, Prof-specialty,education, Some-college,marital-status, Married-spouse-absent,<=50K,,,,,,,,
552,relationship, Unmarried,occupation, Prof-specialty,education, Masters,race, Black,marital-status, Never-married,<=50K,,,,,,
553,relationship, Unmarried,occupation, Prof-specialty,education, Masters,race, Black,marital-status, Divorced,>50K,,,,,,
554,relationship, Unmarried,occupation, Prof-specialty,education, Masters,race, White,<=50K,,,,,,,,
555,relationship, Unmarried,occupation, Prof-specialty,education, Prof-school,<=50K,,,,,,,,,,
556,relationship, Unmarried,occupation, Prof-specialty,education, Assoc-acdm,<=50K,,,,,,,,,,
557,relationship, Unmarried,occupation, Craft-repair,marital-status, Widowed,<=50K,,,,,,,,,,
558,relationship, Unmarried,occupation, Craft-repair,marital-status, Married-spouse-absent,<=50K,,,,,,,,,,
559,relationship, Unmarried,occupation, Craft-repair,marital-status, Separated,sex, Female,<=50K,,,,,,,,
560,relationship, Unmarried,occupation, Craft-repair,marital-status, Separated,sex, Male,>50K,,,,,,,,
561,relationship, Unmarried,occupation, Craft-repair,marital-status, Never-married,<=50K,,,,,,,,,,
562,relationship, Unmarried,occupation, Craft-repair,marital-status, Divorced,<=50K,,,,,,,,,,
563,relationship, Unmarried,occupation, Other-service,education, Assoc-acdm,<=50K,,,,,,,,,,
564,relationship, Unmarried,occupation, Other-service,education, 9th,<=50K,,,,,,,,,,
565,relationship, Unmarried,occupation, Other-service,education, 12th,<=50K,,,,,,,,,,
566,relationship, Unmarried,occupation, Other-service,education, Bachelors,>50K,,,,,,,,,,
567,relationship, Unmarried,occupation, Other-service,education, Masters,<=50K,,,,,,,,,,
568,relationship, Unmarried,occupation, Other-service,education, 7th-8th,<=50K,,,,,,,,,,
569,relationship, Unmarried,occupation, Other-service,education, HS-grad,<=50K,,,,,,,,,,
570,relationship, Unmarried,occupation, Other-service,education, 10th,<=50K,,,,,,,,,,
571,relationship, Unmarried,occupation, Other-service,education, Some-college,<=50K,,,,,,,,,,
572,relationship, Unmarried,occupation, Exec-managerial,education, Masters,>50K,,,,,,,,,,
573,relationship, Unmarried,occupation, Exec-managerial,education, Assoc-acdm,<=50K,,,,,,,,,,
574,relationship, Unmarried,occupation, Exec-managerial,education, Assoc-voc,<=50K,,,,,,,,,,
575,relationship, Unmarried,occupation, Exec-managerial,education, HS-grad,race, Black,marital-status, Divorced,>50K,,,,,,
576,relationship, Unmarried,occupation, Exec-managerial,education, HS-grad,race, Black,marital-status, Never-married,<=50K,,,,,,
577,relationship, Unmarried,occupation, Exec-managerial,education, HS-grad,race, White,<=50K,,,,,,,,
578,relationship, Unmarried,occupation, Exec-managerial,education, Some-college,<=50K,,,,,,,,,,
579,relationship, Unmarried,occupation, Exec-managerial,education, Bachelors,<=50K,,,,,,,,,,
580,relationship, Unmarried,occupation, Sales,education, Doctorate,>50K,,,,,,,,,,
581,relationship, Unmarried,occupation, Sales,education, 5th-6th,<=50K,,,,,,,,,,
582,relationship, Unmarried,occupation, Sales,education, 11th,<=50K,,,,,,,,,,
583,relationship, Unmarried,occupation, Sales,education, Assoc-voc,<=50K,,,,,,,,,,
584,relationship, Unmarried,occupation, Sales,education, Some-college,<=50K,,,,,,,,,,
585,relationship, Unmarried,occupation, Sales,education, 10th,<=50K,,,,,,,,,,
586,relationship, Unmarried,occupation, Sales,education, HS-grad,workclass, Self-emp-not-inc,<=50K,,,,,,,,
587,relationship, Unmarried,occupation, Sales,education, HS-grad,workclass, Private,<=50K,,,,,,,,
588,relationship, Unmarried,occupation, Sales,education, HS-grad,workclass, Self-emp-inc,>50K,,,,,,,,
589,relationship, Unmarried,occupation, Sales,education, Bachelors,race, White,>50K,,,,,,,,
590,relationship, Unmarried,occupation, Sales,education, Bachelors,race, Black,<=50K,,,,,,,,
591,relationship, Unmarried,occupation, Adm-clerical,workclass, State-gov,education, Assoc-voc,<=50K,,,,,,,,
592,relationship, Unmarried,occupation, Adm-clerical,workclass, State-gov,education, Assoc-acdm,>50K,,,,,,,,
593,relationship, Unmarried,occupation, Adm-clerical,workclass, State-gov,education, HS-grad,>50K,,,,,,,,
594,relationship, Unmarried,occupation, Adm-clerical,workclass, State-gov,education, Some-college,<=50K,,,,,,,,
595,relationship, Unmarried,occupation, Adm-clerical,workclass, Federal-gov,<=50K,,,,,,,,,,
596,relationship, Unmarried,occupation, Adm-clerical,workclass, Local-gov,<=50K,,,,,,,,,,
597,relationship, Unmarried,occupation, Adm-clerical,workclass, Private,<=50K,,,,,,,,,,
598,relationship, Unmarried,occupation, Tech-support,<=50K,,,,,,,,,,,,
599,relationship, Own-child,marital-status, Widowed,<=50K,,,,,,,,,,,,
600,relationship, Own-child,marital-status, Married-spouse-absent,<=50K,,,,,,,,,,,,
601,relationship, Own-child,marital-status, Never-married,workclass, State-gov,<=50K,,,,,,,,,,
602,relationship, Own-child,marital-status, Never-married,workclass, Self-emp-inc,<=50K,,,,,,,,,,
603,relationship, Own-child,marital-status, Never-married,workclass, Local-gov,<=50K,,,,,,,,,,
604,relationship, Own-child,marital-status, Never-married,workclass, Self-emp-not-inc,occupation, Adm-clerical,education, Some-college,<=50K,,,,,,
605,relationship, Own-child,marital-status, Never-married,workclass, Self-emp-not-inc,occupation, Adm-clerical,education, Bachelors,>50K,,,,,,
606,relationship, Own-child,marital-status, Never-married,workclass, Self-emp-not-inc,occupation, Other-service,<=50K,,,,,,,,
607,relationship, Own-child,marital-status, Never-married,workclass, Self-emp-not-inc,occupation, Farming-fishing,<=50K,,,,,,,,
608,relationship, Own-child,marital-status, Never-married,workclass, Self-emp-not-inc,occupation, Craft-repair,<=50K,,,,,,,,
609,relationship, Own-child,marital-status, Never-married,workclass, Self-emp-not-inc,occupation, Prof-specialty,<=50K,,,,,,,,
610,relationship, Own-child,marital-status, Never-married,workclass, Self-emp-not-inc,occupation, Transport-moving,<=50K,,,,,,,,
611,relationship, Own-child,marital-status, Never-married,workclass, Federal-gov,<=50K,,,,,,,,,,
612,relationship, Own-child,marital-status, Never-married,workclass, Private,<=50K,,,,,,,,,,
613,relationship, Own-child,marital-status, Separated,<=50K,,,,,,,,,,,,
614,relationship, Own-child,marital-status, Divorced,education, Masters,<=50K,,,,,,,,,,
615,relationship, Own-child,marital-status, Divorced,education, 9th,<=50K,,,,,,,,,,
616,relationship, Own-child,marital-status, Divorced,education, Bachelors,occupation, Exec-managerial,>50K,,,,,,,,
617,relationship, Own-child,marital-status, Divorced,education, Bachelors,occupation, Craft-repair,<=50K,,,,,,,,
618,relationship, Own-child,marital-status, Divorced,education, Some-college,occupation, Prof-specialty,<=50K,,,,,,,,
619,relationship, Own-child,marital-status, Divorced,education, Some-college,occupation, Machine-op-inspct,<=50K,,,,,,,,
620,relationship, Own-child,marital-status, Divorced,education, Some-college,occupation, Transport-moving,<=50K,,,,,,,,
621,relationship, Own-child,marital-status, Divorced,education, Some-college,occupation, Tech-support,<=50K,,,,,,,,
622,relationship, Own-child,marital-status, Divorced,education, Some-college,occupation, Craft-repair,native-country, United-States,>50K,,,,,,
623,relationship, Own-child,marital-status, Divorced,education, Some-college,occupation, Craft-repair,native-country, Poland,<=50K,,,,,,
624,relationship, Own-child,marital-status, Divorced,education, Assoc-voc,<=50K,,,,,,,,,,
625,relationship, Own-child,marital-status, Divorced,education, 11th,<=50K,,,,,,,,,,
626,relationship, Own-child,marital-status, Divorced,education, Doctorate,>50K,,,,,,,,,,
627,relationship, Own-child,marital-status, Divorced,education, Assoc-acdm,<=50K,,,,,,,,,,
628,relationship, Own-child,marital-status, Divorced,education, 7th-8th,<=50K,,,,,,,,,,
629,relationship, Own-child,marital-status, Divorced,education, HS-grad,<=50K,,,,,,,,,,
630,relationship, Own-child,marital-status, Married-civ-spouse,occupation, Handlers-cleaners,<=50K,,,,,,,,,,
631,relationship, Own-child,marital-status, Married-civ-spouse,occupation, Machine-op-inspct,<=50K,,,,,,,,,,
632,relationship, Own-child,marital-status, Married-civ-spouse,occupation, Sales,>50K,,,,,,,,,,
633,relationship, Own-child,marital-status, Married-civ-spouse,occupation, Exec-managerial,<=50K,,,,,,,,,,
634,relationship, Own-child,marital-status, Married-civ-spouse,occupation, Other-service,<=50K,,,,,,,,,,
